{"last_tab":"0","layout":"full","archive_placeholder":{"url":"","id":"","height":"","width":"","thumbnail":""},"logo":{"url":"","id":"","height":"","width":"","thumbnail":""},"logo_retina":{"url":"","id":"","height":"","width":"","thumbnail":""},"logo_footer":{"url":"","id":"","height":"","width":"","thumbnail":""},"header":"1","header_shadow":"1","header_search":"1","footer_socials":"","backtotop":"1","footer":"1","footer_top":"1","footer_widgets":"1","footer_widgets_layout":"4-4-4","footer_bottom":"1","footer_bottom_layout":"1","footer_copyright":"1","footer_copyright_text":"&copy; Copyright Alitstudio 2015 .All Rights Reserved.","use_page_loader":"1","layout_loader":"style-3","background_page_loader":{"background-color":"#FFFFFF"},"color_first_loader":"#22dcce","color_second_loader":"#cccccc","styling_accent":"#22dcce","styling_link":{"regular":"#22dcce","hover":"#000000","active":"#000000"},"logo_width":{"width":"25px","units":"px"},"logo_margin_spacing":{"margin-top":"27px","margin-right":"65px","margin-bottom":"27px","margin-left":"0","units":"px"},"logo_mobile_width":{"width":"25px","units":"px"},"logo_mobile_margin_spacing":{"margin-top":"20px","margin-right":"0","margin-bottom":"20px","margin-left":"0","units":"px"},"fixed_header":"3","logo_sticky_width":{"width":"25px","units":"px"},"logo_sticky_margin_spacing":{"margin-top":"17px","margin-right":"65px","margin-bottom":"17px","margin-left":"0","units":"px"},"navigation_height_fixed":{"height":"60px","units":"px"},"header_sticky_background":{"background-color":"#ffffff"},"header_sticky_opacity":"1","footer_background":{"background-color":"#222222","background-repeat":"","background-size":"","background-attachment":"","background-position":"","background-image":"","media":{"id":"","height":"","width":"","thumbnail":""}},"footer_border":{"border-top":"px","border-right":"px","border-bottom":"px","border-left":"px","border-style":"solid","border-color":""},"footer_top_background":{"background-color":"","background-repeat":"","background-size":"","background-attachment":"","background-position":"","background-image":"","media":{"id":"","height":"","width":"","thumbnail":""}},"footer_top_padding":{"padding-top":"","padding-bottom":"","units":"px"},"footer_top_border":{"border-top":"px","border-right":"px","border-bottom":"px","border-left":"px","border-style":"solid","border-color":""},"footer_navigation_background":{"background-color":"","background-repeat":"","background-size":"","background-attachment":"","background-position":"","background-image":"","media":{"id":"","height":"","width":"","thumbnail":""}},"footer_navigation_padding":{"padding-top":"","padding-bottom":"","units":"px"},"footer_widgets_background":{"background-color":"","background-repeat":"","background-size":"","background-attachment":"","background-position":"","background-image":"","media":{"id":"","height":"","width":"","thumbnail":""}},"footer_widgets_padding":{"padding-top":"","padding-bottom":"","units":"px"},"footer_widgets_border":{"border-top":"px","border-right":"px","border-bottom":"px","border-left":"px","border-style":"solid","border-color":""},"footer_bottom_background":{"background-color":"","background-repeat":"","background-size":"","background-attachment":"","background-position":"","background-image":"","media":{"id":"","height":"","width":"","thumbnail":""}},"footer_bottom_padding":{"padding-top":"","padding-bottom":"","units":"px"},"footer_bottom_border":{"border-top":"px","border-right":"px","border-bottom":"px","border-left":"px","border-style":"solid","border-color":""},"footer_copyright_background":{"background-color":"","background-repeat":"","background-size":"","background-attachment":"","background-position":"","background-image":"","media":{"id":"","height":"","width":"","thumbnail":""}},"footer_copyright_padding":{"padding-top":"","padding-bottom":"","units":"px"},"navigation_height":{"height":"80px","units":"px"},"navigation_box_background":{"background-color":"#222222","background-repeat":"","background-size":"","background-attachment":"","background-position":"","background-image":"","media":{"id":"","height":"","width":"","thumbnail":""}},"navigation_space":"15","navigation_color":"#999999","navigation_color_hover":"#22dcce","navigation_dropdown":{"width":"300px","units":"px"},"dropdown_background":{"background-color":""},"dropdown_background_hover":{"background-color":""},"dropdown_color":"#999999","dropdown_color_hover":"#22dcce","dropdown_border":{"border-top":"px","border-right":"px","border-bottom":"1px","border-left":"px","border-style":"solid","border-color":"#333333"},"megamenu_background":{"background-color":"#222222"},"mega_title_color":"#FFFFFF","mega_title_color_hover":"#22dcce","mega_color":"#999999","mega_color_hover":"#22dcce","mobile_menu_background":{"background-color":"#FFFFFF","background-repeat":"","background-size":"","background-attachment":"","background-position":"","background-image":"","media":{"id":"","height":"","width":"","thumbnail":""}},"mobile_menu_color":"#999999","mobile_menu_color_hover":"#22dcce","mobile_menu_background_hover":{"background-color":"#F5F5F5"},"mobile_sub_color":"#999999","mobile_sub_color_hover":"#22dcce","typography_body":{"font-family":"","font-options":"","google":"1","font-weight":"","font-style":"","subsets":"","font-size":"","line-height":"","letter-spacing":"","color":""},"typography_pragraph":{"font-family":"","font-options":"","google":"1","font-weight":"","font-style":"","subsets":"","font-size":"","line-height":""},"typography_button":{"font-family":"","font-options":"","google":"1","font-weight":"","font-style":"","subsets":"","text-transform":"","line-height":"","letter-spacing":""},"typography_heading1":{"font-family":"","font-options":"","google":"1","font-weight":"","font-style":"","subsets":"","text-transform":"","font-size":"","line-height":"","letter-spacing":"","color":""},"typography_heading2":{"font-family":"","font-options":"","google":"1","font-weight":"","font-style":"","subsets":"","text-transform":"","font-size":"","line-height":"","letter-spacing":"","color":""},"typography_heading3":{"font-family":"","font-options":"","google":"1","font-weight":"","font-style":"","subsets":"","text-transform":"","font-size":"","line-height":"","letter-spacing":"","color":""},"typography_heading4":{"font-family":"","font-options":"","google":"1","font-weight":"","font-style":"","subsets":"","text-transform":"","font-size":"","line-height":"","letter-spacing":"","color":""},"typography_heading5":{"font-family":"","font-options":"","google":"1","font-weight":"","font-style":"","subsets":"","text-transform":"","font-size":"","line-height":"","letter-spacing":"","color":""},"typography_heading6":{"font-family":"","font-options":"","google":"1","font-weight":"","font-style":"","subsets":"","text-transform":"","font-size":"","line-height":"","letter-spacing":"","color":""},"typography_footer_top":{"font-family":"","font-options":"","google":"1","font-weight":"","font-style":"","subsets":"","font-size":"","line-height":"","color":""},"typography_footer_widgets":{"font-family":"","font-options":"","google":"1","font-weight":"","font-style":"","subsets":"","font-size":"","line-height":"","color":"#999999"},"typography_footer_widgets_title":{"font-family":"","font-options":"","google":"1","font-weight":"","font-style":"","subsets":"","text-align":"","text-transform":"","font-size":"","line-height":"","letter-spacing":"","color":""},"typography_footer_widgets_link":{"regular":"#ffffff","hover":"#22dcce","active":"#22dcce"},"typography_footer_bottom_link":{"regular":"#ffffff","hover":"#22dcce","active":"#22dcce"},"typography_footer_bottom":{"font-family":"","font-options":"","google":"1","font-weight":"","font-style":"","subsets":"","font-size":"","line-height":"","color":"#999999"},"typography_footer_copyright_link":{"regular":"#999999","hover":"#ffffff","active":"#ffffff"},"typography_footer_copyright":{"font-family":"","font-options":"","google":"1","font-weight":"","font-style":"","subsets":"","font-size":"","line-height":"","color":""},"typography_header_content":{"font-family":"","font-options":"","google":"1","font-weight":"","font-style":"","subsets":"","font-size":"","line-height":"","color":""},"typography_sidebar":{"font-family":"","font-options":"","google":"1","font-weight":"","font-style":"","subsets":"","text-align":"","text-transform":"uppercase","font-size":"","line-height":"","letter-spacing":"","color":""},"typography_sidebar_content":{"font-family":"","font-options":"","google":"1","font-weight":"","font-style":"","subsets":"","text-align":"","font-size":"","line-height":"","color":""},"typography-navigation_top":{"font-family":"","font-options":"","google":"1","font-weight":"600","font-style":"","subsets":"","text-transform":"uppercase","font-size":"","letter-spacing":""},"typography_navigation_second":{"font-family":"","font-options":"","google":"1","font-weight":"","font-style":"","subsets":"","text-transform":"","font-size":"","letter-spacing":""},"typography_navigation_heading":{"font-family":"","font-options":"","google":"1","font-weight":"","font-style":"","subsets":"","text-transform":"","font-size":"","letter-spacing":""},"typography_navigation_mega_link":{"font-family":"","font-options":"","google":"1","font-weight":"","font-style":"","subsets":"","text-transform":"","font-size":""},"typography_mobile_navigation_top":{"font-family":"","font-options":"","google":"1","font-weight":"","font-style":"","subsets":"","text-transform":"uppercase","font-size":"","letter-spacing":""},"typography_mobile_navigation_second":{"font-family":"","font-options":"","google":"1","font-weight":"","font-style":"","subsets":"","text-transform":"","font-size":"","letter-spacing":""},"typography_mobile_navigation_heading":{"font-family":"","font-options":"","google":"1","font-weight":"700","font-style":"","subsets":"","text-transform":"uppercase","font-size":"","letter-spacing":""},"show_page_header":"1","page_sidebar":"right","page_sidebar_left":"primary-widget-area","page_sidebar_right":"primary-widget-area","show_page_comment":"1","archive_page_header":"1","archive_sidebar":"right","archive_sidebar_left":"primary-widget-area","archive_sidebar_right":"blog-widget-area","archive_loop_style":"grid","archive_first_featured":"0","archive_columns":"2","archive_posts_per_page":"14","archive_excerpt_length":"35","archive_pagination":"normal","author_page_header":"1","author_sidebar":"full","author_sidebar_left":"primary-widget-area","author_sidebar_right":"primary-widget-area","author_posts_per_page":"9","author_loop_style":"grid","author_first_featured":"0","author_columns":"3","author_excerpt_length":"35","author_pagination":"normal","single_layout":"1","single_sidebar":"right","single_sidebar_left":"primary-widget-area","single_sidebar_right":"blog-widget-area","single_image_size":"","single_share_box":"1","single_like_post":"1","single_next_prev":"0","single_author":"1","single_related":"1","single_related_type":"categories","search_page_header":"1","search_sidebar":"full","search_sidebar_left":"primary-widget-area","search_sidebar_right":"primary-widget-area","search_posts_per_page":"9","search_loop_style":"grid","search_first_featured":"0","search_columns":"3","search_pagination":"normal","search_excerpt_length":"35","twitter":"#","facebook":"#","pinterest":"#","dribbble":"","vimeo":"#","tumblr":"#","skype":"","linkedin":"","googleplus":"#","youtube":"","instagram":"","header_bars":"1","title_header_bars":"Recents Posts","custom_sidebars":[{"title":"","description":"","url":"","sort":"0","attachment_id":"","image":"","height":"","width":"","thumb":""}],"notfound_page_header":"0","notfound_page_type":"default","notfound_page_id":"","social_share":{"facebook":"1","twitter":"1","google_plus":"1","pinterest":"","linkedin":"","tumblr":"","mail":""},"facebook_app":"417674911655656","advanced_editor_css":"","advanced_editor_js":"jQuery(document).ready(function(){\r\n\r\n});","advanced_tracking_code":"","kt-presets":0,"redux-backup":"1"}