{"blog-widget-area":{"kt_aboutme-2":{"title":"About me","size":"full","attachment":91,"name":"Drew Minns","description":"Lorem ipsum dolor sit amet, consectetur adipiscing elit. Morbi egestas, libero eu dapibus iaculis, purus urna semper urna, a rhoncus leo dolor quis erat. ","value":"facebook,twitter,linkedin,dribbble,instagram,tumblr"},"kt_posts-3":{"title":"Featured posts","number":5,"layout":1,"show_date":true,"show_category":true,"show_image":true,"show_comment":false,"show_author":false,"category":[],"orderby":"date","order":"ASC","classes":"","ids":null,"just_featured":true},"kt_posts_carousel-2":{"title":"","number":5,"category":["5","8"],"orderby":"date","order":"DESC"},"categories-2":{"title":"","count":0,"hierarchical":0,"dropdown":0,"classes":"","ids":null},"null-instagram-feed-3":{"title":"Instagram","username":"cuongdao.ict","number":"9","size":"small","target":"_self","link":""},"kt_mailchimp-2":{"title":"Subscribe","list":"9306fec7e3","text_before":"Sign up to receive updates and join our 1 subscribers \r\nthat see what's new with us","opt_in":"","disable_names":"yes","layout":1,"classes":"boxed","ids":null},"kt_socials-2":{"title":"Get in touch","value":"facebook,twitter,dribbble,tumblr,vimeo,pinterest,skype,linkedin","style":"light","background_style":"rounded-outline","size":"standard","tooltip":"","align":"center","space_between_item":10,"custom_color":"","classes":"","ids":null},"tag_cloud-2":{"title":"Popular Tags","taxonomy":"post_tag","classes":"","ids":null}},"side-widget-area":{"kt_posts-2":{"title":"Recent Posts","number":5,"layout":2,"show_date":true,"show_category":true,"show_image":true,"show_comment":false,"show_author":false,"category":[],"orderby":"date","order":"DESC","classes":"","ids":null}},"promo-area":{"kt_promo-2":{"link":"about-me","promo_text":"About Me","target":"_self","size":"full","attachment":264},"kt_promo-3":{"link":"#","promo_text":"Instagram","target":"_self","size":"full","attachment":265},"kt_promo-4":{"link":"#","promo_text":"My Journey","target":"_self","size":"full","attachment":266}},"instagram-footer":{"null-instagram-feed-2":{"title":"","username":"cuongdao.ict","number":"6","size":"large","target":"_self","link":"Follow Me!"}},"footer-top":{"text-2":{"title":"","text":"[blockquote style=\"simple\"]Life to me is a journey - you never know what may be<br\/>your next destination[\/blockquote]","filter":false}},"footer-column-1":{"kt_aboutme-3":{"title":"About me","size":"full","attachment":140,"description":"Quisque interdum lobortis arcu, molestie ullamcorper nisi gravida vitae. Vivamus accumsan ante felis, et tincidunt nibh lacinia sit amet. Vestibulum purus dui, blandit nec ligula ac, aliquet mollis odio. Suspendisse ","value":""}},"footer-column-2":{"kt_posts-4":{"title":"Recent Posts","number":3,"layout":1,"category":[],"orderby":"date","order":"DESC"}},"footer-column-3":{"kt_flickr-4":{"title":"On Flickr","user_id":"90512636@N00","api":"6346cf3fc74387e93b84f0d22c78939a","number":9}},"footer-bottom-1":{"text-3":{"title":"","text":"","filter":false},"kt_socials-3":{"title":"Socials","value":"twitter,facebook,pinterest,dribbble","style":"custom","background_style":"text","size":"small","tooltip":"top","align":"","space_between_item":18,"custom_color":"#707070"}},"footer-bottom-2":{"kt_mailchimp-3":{"title":"Newsletter","list":"d35f199d67","text_before":"","opt_in":"","disable_names":"yes","layout":2}}}